Precision,Trials,Simulation Type,Average PI Value,Absolute Error,Average Time (s),25th Percentile (s),Median Time (s),75th Percentile (s)
5,150,Gregory-Leibniz Multi-thread using Pthread,3.13493,6.66659 * 10^-3,0.00098,0.00089,0.00090,0.00110
5,150,Gregory-Leibniz Multi-thread using OpenMP,3.13493,6.66659 * 10^-3,0.00002,0.00001,0.00001,0.00001
10,15000,Gregory-Leibniz Multi-thread using Pthread,3.1415259869,6.6666666592 * 10^-5,0.0017485318,0.0008070920,0.0008467130,0.0012351340
10,15000,Gregory-Leibniz Multi-thread using OpenMP,3.1415259869,6.6666666592 * 10^-5,0.0008770940,0.0003988710,0.0003992210,0.0004120610
15,1500000,Gregory-Leibniz Multi-thread using Pthread,3.141591986923127,6.666666665017037 * 10^-7,0.039572898800000,0.037849987000000,0.039093262000000,0.039425721000000
15,1500000,Gregory-Leibniz Multi-thread using OpenMP,3.141591986923127,6.666666665017037 * 10^-7,0.048552939200000,0.044879750000000,0.046938497000000,0.052223702000000
20,150000000,Gregory-Leibniz Multi-thread using Pthread,3.14159264692312673655,6.66666650191641263490 * 10^-9,3.79033733659999949595,3.77665453799999983886,3.77949104200000007836,3.79650515300000002128
20,150000000,Gregory-Leibniz Multi-thread using OpenMP,3.14159264692312673655,6.66666650191641263490 * 10^-9,4.04771706980000001153,4.04559635499999981079,4.05060078799999967458,4.05318248000000025399
